x,y,class
135.83114910438618,88.78648432529465,1
177.5600334429511,130.2711306559257,1
139.13835814866772,147.7882374330856,1
203.54758644603896,110.77313889060687,1
174.0603029788254,114.73711462338176,1
140.6045099235592,105.79949524495318,1
137.8108674533613,123.39273797688955,1
206.39064435901747,152.624947901644,1
205.1517141974493,111.56071446542086,1
174.6907478493801,171.92650041712398,1
177.65506421886508,135.0001021724448,1
183.60511562379247,160.18972974356018,1
217.2479990968236,168.81572989646506,1
229.96941233717166,166.7872523394688,1
196.57810902721263,144.12886529094345,1
216.43283765283513,114.27785299321461,1
210.36081054992897,112.72363825180675,1
187.64791634818465,163.74433581641742,1
173.55842377983106,146.38003666409196,1
172.9128694858835,180.1939055933669,1
184.58279334933957,148.58719725433454,1
243.65118606983458,120.59755628050516,1
202.71844071412272,178.43981445393297,1
250.14697973737265,183.10437834436053,1
211.95108907312846,146.9725633848741,1
231.4355192778213,128.39405870562132,1
187.65503811220728,186.40459769477366,1
187.69777295251924,172.10632107016738,1
230.2020342515042,183.6178825135983,1
228.10780367653263,177.82707823555484,1
232.7220872123629,192.46645081656706,1
243.47845043758073,148.32064078778762,1
215.67951612131924,179.36790442146338,1
227.51427511094195,145.89957161632606,1
207.56095361940706,178.26264657635656,1
237.04409426526232,206.36957607428172,1
212.44274556749554,209.30806291157342,1
281.4250205330352,158.09556781330443,1
234.6742635877195,162.9658091963406,1
246.36221299070002,161.73980211815268,1
238.9310986136995,163.67271626883704,1
273.8799721019243,201.28435136912455,1
262.8970049284263,216.69542890454102,1
285.34936034686405,216.4105910077794,1
258.2959195270996,197.40420162221244,1
249.30791295313261,226.30563080377883,1
301.29902741920944,198.7714521284178,1
264.01924967359446,213.2525746244381,1
286.24775759403764,223.02966258822607,1
307.0009566199043,232.6192990772889,1
249.19550104028502,189.75037725775576,1
321.6444732492981,177.30763527338976,0
321.06757761092405,168.4941335170733,0
322.7489064608174,172.77668362112473,0
319.9639441891009,172.2022999989533,0
324.9023936929011,172.11712799277186,0
334.28192731124096,149.53731533401276,0
339.6169201383447,168.6757699870301,0
335.6232931199457,149.85894892031118,0
333.47722430525863,157.23707815393612,0
338.1223269210924,158.75335081557063,0
344.8219085558894,153.88211940622142,0
338.4860355672408,146.1945210367665,0
331.9903740474297,150.85565853831284,0
347.2690209608414,137.4774781895881,0
342.39301864767333,150.47830410758684,0
343.2968048851877,143.10130891197656,0
349.99447450374515,150.780695354811,0
346.87555841792863,132.61635851398546,0
346.7425054336003,143.8571028711649,0
336.93803267060883,131.96260107546257,0
341.63627615971126,131.28173210448142,0
349.507482681748,128.40236777667076,0
350.2272449569143,131.90118169534804,0
352.3528713021773,144.8397799628221,0
346.29274395402064,140.26005174184007,0
343.672610039134,130.40218180722772,0
342.36447346385694,128.80537929436355,0
345.20699468388176,135.648537531407,0
348.7998013935237,128.11821416255094,0
348.6497554102056,133.5868500681282,0
352.00000973771535,138.15443447350958,0
344.46829172265143,138.79199050072,0
340.2137465369795,123.47680484102854,0
354.9673911973179,131.64712938480244,0
358.5321044554523,136.22803417957977,0
359.11786542103204,119.47885336573643,0
348.9822806849344,122.81455651769204,0
345.9849602835865,124.97171984064835,0
345.8127720023898,115.74427909130821,0
349.6660641601254,127.59741971829476,0
354.10535848446483,132.42295478290475,0
345.1812248871304,130.56805680127582,0
355.7149915836224,120.99232759626409,0
358.8720653486543,126.11949512304844,0
360.468433883934,120.42557544743914,0
351.11840130813346,127.90585012292725,0
344.10176836867095,116.65264533234391,0
347.22679397794656,113.38157496540319,0
347.2091168601828,114.79564725630519,0
360.2043081077789,119.0204276564426,0
352.5375524837762,107.21516699476042,0
353.0624757397274,121.66024688628603,0
348.6020662799089,115.04695416744175,0
360.4910106488682,122.85320599272356,0
351.30378293295234,111.24478775731211,0
350.2687961243653,112.24158861937995,0
352.29166724672757,111.25809326275447,0
351.85441074613664,110.74874893161503,0
353.81433371691014,111.58867941493332,0
364.18801107118804,107.14912087318937,0
363.41206173573767,115.60840952236791,0
355.4954143769131,114.54701217685917,0
370.92232617660864,103.58348467316351,0
361.4099252063432,104.55865042956695,0
369.62459913840644,109.06280309181673,0
357.01416501008237,108.80855948356361,0
356.0992872093242,110.6433997364837,0
363.1434373401274,93.40975037909423,0
364.1861450978575,106.21045057133566,0
366.9911055536908,95.85045663253105,0
372.70685109721285,89.93287291653542,0
367.68853365787913,97.00175331254681,0
363.2991031016064,106.07836004716565,0
355.6159201363035,137.82665389991973,0
345.13872781515585,146.27185222771698,0
357.4047537304284,141.218788665715,0
353.3845309310365,140.86525214091048,0
348.15197635862796,146.6772946166591,0
346.67426889905585,144.3120581163779,0
359.605115166675,154.86728430127727,0
344.36657775723774,143.33421097187752,0
359.8152740590204,142.5814617059231,0
342.435370588346,172.10075115243257,0
344.29868519049194,186.91895534714334,0
325.38421194531304,175.1989427110492,0
326.666305840085,185.66049962929287,0
340.57639146458814,189.64876164296177,0
332.48526772752194,177.56151683898273,0
334.7628424528913,181.55304196301293,0
331.3687832453277,183.40063688221798,0
329.0787552179927,167.04609832608216,0
338.68145542480005,154.89563376292048,0
337.76467580579407,162.15578855264746,0
346.7741650427121,161.9084287128696,0
348.5943348212116,172.68525029712166,0
325.59274519982705,187.514836934104,0
324.5864156082692,200.91919159760997,0
312.77674628104154,193.37680540246188,0
320.214018333186,192.60808656229995,0
328.0629610733923,181.2998336669473,0
319.6069247163752,174.37551125510157,0
316.312624533548,180.61010040484993,0
323.2043424227622,181.3563335953614,0
334.8776487800129,174.65165318584081,0
338.97770187279843,175.62940916539344,0
326.6754669875307,174.0053419720338,0
323.55047734145097,169.90019588334988,0
337.35259494226165,179.90876953137484,0
178.02732848195632,315.64491586574513,2
180.6972997745433,344.08273308381115,2
166.83729824672588,343.21418341439914,2
186.57737285483626,306.3798323190949,2
157.37678084733938,346.44473416800173,2
221.13145756076273,291.97965230208814,2
209.5925113952935,289.1698290307498,2
238.7564186072059,312.7907337320109,2
196.97515787077555,313.28934162329926,2
189.2684790175725,293.8101732590288,2
186.8404764593049,305.177263463498,2
187.83512304983128,341.24441572194416,2
203.5862009394121,316.9668185842738,2
250.27639525573565,368.8899862883433,2
265.6319739738492,350.87813837677464,2
220.40562724395207,322.3790877173023,2
272.892709967564,342.24122877964675,2
238.28538169929485,347.46706585353553,2
233.27485739455616,345.11376209372827,2
253.26796978890704,368.50672607850146,2
270.28463825168126,407.24071951510547,2
252.64246432387617,342.1479566996969,2
228.54064112438957,383.78648483834775,2
290.54510732110435,407.8041073104845,2
264.9573335634563,351.6456807637616,2
246.9958496018025,382.53440217596983,2
229.96731192579273,354.32352896182704,2
303.5213582089109,397.676709657522,2
274.1950640414095,427.928321872836,2
310.51470055304,384.5738877944737,2
282.8313945856336,410.9648360262295,2
253.19172072118508,437.88105930729165,2
255.75595878557903,387.5572605334098,2
261.923757625049,380.7387583798188,2
265.4351700960604,442.9818911590922,2
304.26375585822717,428.35101981985486,2
328.6660471227513,398.52502906082105,2
237.01777330974062,372.34052057004226,2
171.3254122431334,391.56611452079034,2
192.8820447484258,364.5960270597522,2
227.58029939734269,391.1283941441113,2
181.2495383384786,407.8974778930919,2
208.06437977226784,379.0346752010217,2
213.33422993558662,423.5220731909667,2
209.0070538155959,396.62075147934587,2
192.51691203377678,390.23512619549217,2
179.1474394301735,402.5169277423868,2
188.5442778343309,390.66837505963395,2
161.00134159030608,403.5450397833505,2
158.93868246319954,404.01578007602353,2
229.68989232231888,441.539231758868,2
211.32207768018083,450.7941146153874,2
236.20812870932002,469.0711275601062,2
251.27040692621625,454.35947842260805,2
235.787149057002,478.29945969020713,2
179.4977998389482,479.26806250236154,2
294.97649602851214,369.94437050416974,2
268.5674997106913,370.482265345021,2
273.05891317903445,415.3413607708056,2
243.26839674196438,375.7212638614719,2
208.08870440500252,387.13819811475156,2
221.58431078494374,427.36260638227753,2
225.9821941721503,394.13324301539353,2
190.03266420387934,359.95594105457536,2
224.3205157715688,369.89686198589334,2
160.15248803709827,349.900790744769,2
146.5005242383079,432.83401893771264,2
188.64188761249045,406.8155590488215,2
197.95240986077792,415.47930588456404,2
201.2838427167739,457.16089552366327,2
141.672840551432,424.8357107928822,2
141.26236923106387,420.8695233495816,2
131.78160828196553,479.20419082236674,2
175.94276577182512,489.53282875336345,2
162.38565842357818,449.44386278239523,2
133.4427702411337,441.51187946238633,2
175.51000120535844,428.3691985700314,2
131.73326489110227,446.032133487225,2
175.0099135259233,471.050667156764,2
272.4314012614024,489.13624680581,2
241.09133648861086,423.45848483828985,2
250.3503108701505,417.96387450397174,2
256.8284597059634,427.23239861093776,2
255.21620509840687,391.75953217641927,2
261.9928609105941,440.242494513102,2
240.88028177981144,391.7128211948496,2
233.0044406563966,400.717023681242,2
181.45045917034886,427.94584042878455,2
193.8511698132964,405.4602459880607,2
213.01817883302897,345.58359852244695,2
218.5490800884294,400.0836945705132,2
165.84784935459402,346.0179050587925,2
149.77333904904975,385.2943378979357,2
151.02148964876108,395.86590170373626,2
92.06716917725885,453.2751084448282,2
157.12153431312362,454.0159739551044,2
129.0741743687891,441.70326980616346,2
131.77673605725022,456.5432196301155,2
88.60599461597398,454.9609800897016,2
97.6008912192217,409.3147214856419,2
137.99726638632245,436.26707430936824,2
148.61493664794125,411.1265755825467,2
107.29230374586581,403.1299772020507,2
150.01054851176303,362.62316044548436,2
114.61387631455183,367.29098533772776,2
118.34303648586781,400.77083919480646,2
172.00032319244505,381.48667406336784,2
134.49690036668315,332.45030714746656,2
184.70291727184753,382.89427854336947,2
483.88770066435035,277.6655015638744,3
471.5982940045691,257.54890462282356,3
441.7102101642463,256.2441359752593,3
472.13738400697684,336.7108656277818,3
438.31217930794116,328.43540972972846,3
504.28911607957184,344.9110194164118,3
437.64846624748066,261.4254785708725,3
418.04034137853915,293.94380230647886,3
457.8943438305498,297.7256523142892,3
420.3522299728964,336.70822219345337,3
456.1336655357739,297.81594114727284,3
423.75578275776274,290.64803671016534,3
474.56298332721144,332.2078533868753,3
460.47370790512304,306.11057553826737,3
484.4977532785211,315.5014751095382,3
512.5210245281087,302.2346213234876,3
496.1532720140044,251.11937183334135,3
466.8219739547794,295.14699744216125,3
457.4612891128795,301.76050947383584,3
498.4047311170051,319.02064378788947,3
503.41483199619245,312.96733780144507,3
495.65181314569526,312.2081338656059,3
509.42738750517003,330.68719738352115,3
442.795107192856,302.58835216095747,3
434.44720803831524,255.74024818533357,3
446.23392970306344,302.5050545255168,3
467.3692320157721,320.4894166751442,3
466.5558532698075,325.8808095205676,3
456.112113170131,245.8856049922358,3
482.4362194042778,213.51305375167684,3
456.645541843761,264.76396871806594,3
529.4950482981396,229.93225929830732,3
515.2871064287591,211.744419318298,3
538.2070685117098,236.31730957479232,3
551.481873193979,295.55305894880973,3
479.39842007481093,292.561031628053,3
472.8225037410089,217.23602931542345,3
510.12992118938706,290.8639335343884,3
541.2532269659038,240.64814066775858,3
509.3044651500881,262.55669777354615,3
505.4675814612488,234.1441156577127,3
461.94370420224107,298.4451443722962,3
525.7134746563086,296.46497389757883,3
532.1492574277997,236.36562492936176,3
547.2110219588176,199.81031807099095,3
486.9724222372784,241.81678044531344,3
537.8544798323599,253.33922962395206,3
523.0790099627179,291.90377712946474,3
490.51069983178917,266.89444869801525,3
506.4327341291798,237.82664148391058,3
479.0508474654897,263.48903460771714,3
526.5707909912868,214.8306933231871,3
511.1327531900486,213.1282278092321,3
494.69260832036355,245.66493332467243,3
471.49417774361604,265.1105477711831,3
477.8574636844892,225.57882176514656,3
491.5442400309034,213.0472033127883,3
525.142193632731,204.72539048919896,3
563.9073622588335,269.50805883844845,3
503.29352301288236,205.33266455751408,3
549.1790716824399,206.55451678715303,3
521.9474669782262,209.61410309063632,3
572.8481633304652,196.66905449811466,3
530.2521875123382,257.64094744708757,3
560.1065672271777,210.80239894921885,3
547.4980192897881,227.013634833274,3
542.5468819187146,209.93979496885922,3
561.1927990674865,247.89762182838896,3
483.057837647016,240.42861825866828,3
552.7662432246486,275.0825467192566,3
487.3909915780896,269.2450374285949,3
491.85266349321205,231.85169186761797,3
565.1775222694777,262.23777238615753,3
526.4951245167441,213.92148439476628,3
496.91846104444915,223.3266091148048,3
524.0306727547761,190.38572838088612,3
565.5513633723194,208.1731710443787,3
561.2625032823411,189.3154746180234,3
501.8178676975858,265.30236608417226,3
580.1478521491048,252.50044129492318,3
518.3505451083362,276.1246458619248,3
538.5272193854761,204.42002580521745,3
530.5309162788394,240.32344954349352,3
548.5430269669334,243.14568671511233,3
520.5821699776782,191.20548963749158,3
503.9603727552507,255.80103016188977,3
541.8858685616639,243.5290990809857,3
583.0989307765402,192.66877737503228,3
592.4199728174707,235.33776576205088,3
568.8879539140947,177.26406567866977,3
552.844999607965,229.6310972231157,3
561.5692943222781,242.77880689110208,3
556.6602119807484,245.18722063187818,3
551.2358530771492,234.56781244364785,3
586.9544308526454,177.79341467960313,3
530.3037945795896,218.11028556402,3
580.670492677927,198.2567624086567,3
518.2273149267196,240.22403184041028,3
573.358341377141,259.687579489267,3
584.0975026806459,216.3326656504725,3
576.2200987585824,204.3390573518459,3
535.4040743624522,224.84815892976383,3
590.8015517309735,243.43598206875618,3
559.9727258865491,236.71203675776223,3
569.2530192373456,252.10300646604477,3
565.8918447781598,215.12948159326226,3
582.6831404621388,210.7981992232016,3
532.0620922366542,244.46028234367157,3
584.9503937484224,237.2542267706297,3
568.7329089013081,249.94225746493143,3
573.3529800888556,165.38402096003477,3
532.6621583816984,235.33511347648184,3
543.9394757768011,245.77556197683683,3
597.2330464726692,205.94285170758837,3
570.8143267642727,235.36369060066568,3
579.6866307427325,245.2265465049419,3
541.1672293697205,234.50667578466704,3
550.7556891939297,208.53696772901733,3
542.7098031033794,224.79192900123883,3
582.8469438467548,178.86900362678836,3
596.7517217138931,195.2774794525185,3
538.0317940640687,210.9483010463394,3
547.5762550174328,213.61475542083787,3
587.7435926732661,205.66372651836434,3
547.7745643979537,195.67351639683352,3
624.132789745577,228.600498110375,3
614.8509573122203,222.10447255981694,3
593.9910091450092,215.0675061750902,3
572.1106220417796,196.45806973065316,3
602.2729371919693,192.20404374917052,3
625.2257175632049,203.23063580274305,3
599.7010682309916,232.39325923299847,3
618.779797132237,165.34911852933794,3
587.5824038429436,193.464016463799,3
599.6388753376397,210.60499036831814,3
600.5682549070978,195.30703107163416,3
595.1170960046114,222.07984249170082,3
602.2190433361625,210.2041821482743,3
621.6724275052469,226.0490557349333,3
550.9606725382481,183.89715517632976,3
614.1706553664822,187.33716542595118,3
455.98086555323795,281.0719446789104,3
499.16516024332105,195.61863538170732,3
510.8562180233116,167.24491873701018,3
526.763024704038,232.3970991505739,3
458.4889462737024,211.58279948530998,3
484.7795790796614,187.64947865347222,3
507.15872386271514,198.2110120923349,3
516.5904747888881,210.9137804847068,3
542.214555059622,166.69192256229334,3
459.39125992817424,166.8901648748991,3
533.8075538050251,165.3911921154484,3
448.29882346116347,213.05317507764366,3
449.262251497302,243.813804568231,3
515.5877199219294,173.5920461182319,3
475.984324214161,179.74499688813518,3
506.2751260978411,142.83480849085686,3
549.461346927549,213.9429203578688,3
497.79522875550674,153.57528450041198,3
479.047450641291,216.01978938037408,3
548.1259428154243,170.6593872916375,3
545.0252952049802,227.36221634715787,3
483.7303044428472,233.87460320125038,3
506.44499426935886,230.59265824856166,3
503.5532769744248,213.74201771780503,3
491.7987816970802,205.84761019828102,3
477.28491701443016,164.18434485920176,3
549.8160284416633,208.7143344028733,3
489.1987483224565,165.6668799758655,3
539.2837643445187,149.01530790660286,3
507.1998473254002,163.59756316984772,3
539.6176634047479,179.29324069883955,3
542.9367258283294,209.20893783105424,3
484.9288530365866,151.78711560511545,3
543.6915217150192,158.44215262300645,3
488.60642995985904,211.51411909273037,3
493.9993772619609,200.8558856804837,3
527.4513107051159,154.09737604921145,3
473.36814057473055,154.89099903067319,3
565.2841295495443,178.6490504301475,3
503.09338061391315,117.46466408813613,3
567.0471269474888,148.98854439052909,3
474.92617058576025,183.52417248031716,3
567.1467089832446,202.14613365339187,3
498.42044413811766,277.10167310612553,3
493.2499894607787,263.19904900480805,3
519.1806068714847,321.7618963374457,3
499.1343533348516,268.2913991343434,3
497.63086328446695,279.2592739367362,3
550.568309955474,270.87028101730215,3
529.74865087129,304.1689283010462,3
551.7650823822298,350.4546190630216,3
514.3212941892872,275.90261355882706,3
523.3298656786477,352.11416717615464,3
482.6866363841146,324.35825679883516,3
526.1956116883428,337.7413419038762,3
502.32186039089765,325.0380938195078,3
512.5906812639397,284.7795334135141,3
491.5191918377867,301.34905006082096,3
507.3358198406543,315.69049415636977,3
506.8174458425549,249.24270981316647,3
537.4909911279125,259.7716240949227,3
533.8773916451245,295.3101922965051,3
581.3360270149278,243.41187422634889,3
557.1107636847224,251.2627294725162,3
585.0223548313445,243.13378851375958,3
544.3871115767752,321.04393696031303,3
526.086693568133,256.75745317935673,3
572.7364162334263,307.0248409556948,3
536.8939263947394,324.5506103761318,3
504.4866329513303,278.236464164164,3
521.213313998811,320.9251718158164,3
523.0397639273673,304.65551458233085,3
317.3864634609924,321.2423848563529,4
296.9733493719558,292.31874983541167,4
317.2575816638744,304.0007047445366,4
318.6530450816225,304.7606455201909,4
309.1598453598938,316.7059740812532,4
342.91097649693654,302.0843320528253,4
326.9730476349219,327.1695008441987,4
293.094819908967,321.58395390317816,4
300.5258094954651,285.3435272992415,4
331.41069405786885,279.1065689370229,4
338.4765086180717,301.16277173251586,4
299.943378617846,317.75709022886645,4
295.81658381257154,316.87956451339124,4
319.51617608086036,299.27715617554014,4
319.64332866641405,309.6915717542758,4
350.8898230185452,329.4721267345137,4
343.9377200266897,290.18902605171775,4
304.05013863117847,307.1879523482909,4
326.4344051721438,333.75741628325466,4
346.9510636034738,294.8695416989658,4
322.6561714548063,307.7368866888285,4
314.39887875199565,309.6425669412026,4
329.1727912915554,303.0542781516696,4
308.82128932206604,328.8845032265281,4
335.6268612968657,302.5327321487988,4
331.57624490344676,307.24207604066714,4
314.3725238791175,309.2990187247519,4
336.1867517573388,334.7807104459123,4
338.6045793530963,292.79764826535495,4
325.43173276933464,327.98681302433175,4
312.27948822252085,312.83229088780143,4
356.4117026148391,319.2906788524116,4
318.31928839512955,300.7554079241662,4
349.96925405002656,329.50017761132295,4
350.09453316040367,326.4006710283063,4
350.07418183452893,303.773740500281,4
324.42570835579875,323.44019028994785,4
325.0326989645676,346.1172206472091,4
344.16376117295215,336.36046068769264,4
342.7177331703307,315.54584194361496,4
336.10832719117093,341.15402660381915,4
321.85100829577567,300.9570171874826,4
348.2308758898762,313.47899046304866,4
326.39453208653185,354.67686832992894,4
337.56450381428306,330.1272400724517,4
353.3145739483051,339.0737551054409,4
371.49273433007727,332.4411286026122,4
348.33135091983627,325.03197330796183,4
350.0898701353183,313.6059201033739,4
342.12964622273796,352.68391365526367,4
338.10737074802233,356.91211442181725,4
363.4353777806104,321.94685960102333,4
341.0481309589496,315.9192096096687,4
354.1603350969999,322.9230168312812,4
358.9052474731851,361.8346138946846,4
347.4995049214096,329.3007844658303,4
332.18682666247213,361.3715393973327,4
352.4514853960185,356.72201166690166,4
328.36931539689056,317.44967161513625,4
326.0798741926473,333.47757452601303,4
327.94453674305225,359.6036739295994,4
328.9928701761765,316.7314869362705,4
340.18593020897924,333.34391861993504,4
333.8516746285022,351.86647132610744,4
353.3787938760766,323.07388185991726,4
326.4035704609033,349.001792354356,4
356.76955144248217,357.38896906321537,4
362.48221038515305,332.11696536517536,4
386.3846723022288,374.68645835440043,4
338.1481224145558,337.19271706845814,4
343.71255081323466,329.50106417946165,4
357.5864585373546,338.5100571134381,4
379.8355958826965,356.9180746956176,4
352.448599005139,365.20233025815986,4
370.7304394596562,370.74957050033777,4
342.2765188421352,361.77573649859437,4
351.50949851710254,371.2913492331155,4
369.1949057849353,368.9869848102205,4
373.82084155196156,360.51542208376407,4
380.91798408169916,353.70244475809136,4
388.7841861940954,344.44941676293234,4
333.9186885163884,307.8995203228685,4
350.4627204312187,286.97778315454735,4
365.529647353368,272.1015223753491,4
343.896774442707,305.3576353961051,4
368.6439845696048,297.88204266994194,4
355.0925517323055,305.4829531263573,4
381.3398924462391,297.34131219894914,4
376.5355922218014,294.840628824813,4
352.67505344363934,272.98761345778803,4
338.313582301269,273.40078518110647,4
366.3582674673039,267.0508946406136,4
335.27219511633234,283.1462408626895,4
368.1665379288072,299.8183028749219,4
339.6388106779558,269.92624623402406,4
343.56579408902854,287.863679248151,4
383.817552388186,268.59819332905676,4
387.81678583909724,260.2689562911493,4
353.4810582440982,296.9553607425045,4
365.6896646005084,275.7265174411049,4
390.22170861540553,258.6487109955502,4
371.5702385786857,254.95473464287764,4
347.68297419228855,298.2220775983633,4
371.9912366544894,288.4242159471818,4
360.68471532068816,259.4928874868914,4
388.97272439971607,256.76981214166756,4
390.95201272538355,264.32155566130126,4
346.76309840581234,267.75205763426084,4
379.07589979871534,288.79101298818983,4
360.62696626296804,282.0147914762153,4
381.7308457838818,321.81444037160196,4
376.87523698320535,296.3260943423236,4
386.94504881765204,312.39782418646024,4
369.1923610090897,326.4197790863054,4
361.194733872817,291.408656508784,4
347.75900066166724,328.7705631401195,4
383.6584504559843,327.97265523226974,4
372.3486322712565,336.51180295606576,4
363.0542792442828,297.4714902659188,4
356.8157610099835,319.75681531509935,4
379.23235239670856,309.00363671902954,4
374.01294396457234,314.21113984482594,4
370.03066540012554,291.0652635873727,4
346.3283057563989,317.0096377217305,4
395.2402887845009,334.50972989141076,4
379.421469662579,345.58504502511585,4
375.35649288013474,338.15798418366535,4
373.3822339992405,308.4969534329328,4
393.14470462185807,305.6335188145346,4
393.94217747304873,324.35412922802936,4
396.4686648491243,330.1027350235772,4
352.08445581455805,313.11332675128074,4
363.32953801835595,305.026792468737,4
380.81951172102606,301.5680783724204,4
349.6365817052617,338.88727130926026,4
378.68518377747984,308.2503428507273,4
361.6682427462661,304.0553106165687,4
391.61550426310595,340.33841955572814,4
398.597599142608,342.08451963717687,4
356.98458969044475,341.06685064548446,4
376.3201160582507,318.06054652042195,4
392.47412672214,327.3816801379476,4
357.5967025705602,340.47474116341266,4
353.55525487273457,311.21488849093873,4
349.7050486195046,322.2146851856005,4
386.54319996385715,329.17316352557174,4
388.0360793181917,335.25647603806175,4
353.01082979324264,313.48905146226855,4
353.01971513018486,311.20716798930334,4
369.73701587153766,360.4782230833158,4
344.5779794022082,312.88920829157917,4
350.8026790907695,338.5294798258004,4
358.49691079691786,349.58103251425723,4
367.5763127028064,317.593430323307,4
338.4168015951028,319.7760966147558,4
371.040760027388,351.547320491053,4
361.4823879721838,316.16682421926185,4
341.52250923247414,324.9525685676901,4
356.39888952904147,349.0684345517812,4
335.12854784462445,313.18753185781935,4
378.1601223388423,323.59822590374176,4
366.49048527501515,331.4003392508991,4
368.8044552302553,356.5897512438832,4
361.54921150782917,326.1116038869065,4
377.0643166046301,347.638781715735,4
351.95004533219776,334.0374455848076,4
381.9069966189011,340.46779930978323,4
345.9546356103932,320.1371990725813,4
367.1335593641137,301.430198649927,4
339.7548842022521,327.57803760302534,4
356.27385229307754,347.9180665657311,4
327.080577543575,336.91316832874736,4
333.9553952430213,337.6418279285006,4
331.2290784297219,331.1487644609547,4
340.1093033386459,340.70092356918934,4
371.4163290495927,302.5941110531629,4
369.09103313896964,299.9859733024931,4
365.44549562404666,332.0803401219852,4
327.47438713869263,307.3241219185608,4
331.6232356512893,303.7307192818619,4
348.90395009317933,308.50543502055314,4
330.64662855288856,298.1603222655509,4
316.865538007244,307.46907634485996,4
312.17653498123144,329.77894043165276,4
338.68732930541836,325.21354607488456,4
350.1565812750139,335.3307035028092,4
349.1742560627686,305.58137653493895,4
336.1292533427433,308.5596313488827,4
357.3487675215598,306.0201545244277,4
320.4007620823006,339.5887350167815,4
359.4465016896083,301.0123579510369,4
313.07089429925486,312.92318980726327,4
356.33830360065144,335.69292206857943,4
344.50397278693924,340.10825172637715,4
323.5864581321606,313.3824557419929,4
343.3715853954266,334.32937582668126,4
324.60205939893547,327.8200225939837,4
331.282080857117,276.321952764154,4
319.49028222032075,277.3794268677335,4
319.43141273168953,278.84606381029334,4
354.1293859956505,323.3171719666348,4
320.0569191569209,321.5154431594037,4
347.2754221912592,313.75596197127095,4
319.4856103260251,311.8894393571719,4
347.31071668438517,285.8416215713787,4
320.72206797502656,320.5868160373663,4
333.3624400067719,309.43978476331824,4
343.11338969372997,290.7173644315694,4
347.04228144965623,288.4078247339612,4
322.70360283131674,312.98911234036825,4
351.6018180927951,297.2085993998497,4
338.1529743190357,273.48399136714056,4
354.8437786289131,266.5525860965871,4
316.2957160930724,304.8662280214984,4
333.06869525434195,280.0926425913768,4
317.5848968750283,274.1557722856144,4
350.72791898704924,267.33000610905896,4
306.75454564024665,270.11098768244665,4
326.4350228054503,291.71428790962443,4
321.24134362536813,270.2389896469379,4
307.30494045046896,304.2258136949655,4
348.02381082707024,310.0338012759567,4
312.7721746990317,290.1264906061573,4
335.69334873626235,286.77297590255114,4
315.65208751876656,271.64259693266376,4
362.1542028859589,277.8286056298542,4
378.2082438916048,259.27339749940603,4
357.1810750593969,286.18836315932674,4
363.84307823475746,244.57281475205784,4
339.59473560704447,289.4670825595784,4
351.32237251034684,262.8353969995594,4
354.8786765773648,243.34929134994036,4
362.7566656154658,290.66306129181004,4
377.92959662841326,247.54413668045498,4
348.3776744364866,286.07743921803785,4
345.6653964471286,257.38823283572054,4
346.37650435860155,254.40029990189817,4
345.2197746527537,250.8391607849701,4
350.39004673330373,253.56227309541015,4
344.97067233350776,262.59493411931624,4
364.59642409462066,268.78255293832467,4
375.2130643100068,268.45158968345714,4
367.4978480981204,272.0127111955535,4
344.4454260491568,251.40792357234187,4
385.0012872167443,284.1042192636392,4
355.8860114819114,264.8230024327426,4
380.2641647400038,277.2503641005498,4
360.09967202821946,250.09566099251825,4
388.8511589955958,287.55813100254085,4
364.117075427501,267.0472096528187,4
379.7744263950901,260.56262127031806,4
371.2510257018575,261.4579542842204,4
371.55985688728526,248.3620088783894,4
347.86373494480625,263.40943547693405,4
345.826018130704,288.6572150715872,4
343.1894169616335,283.09819241519347,4
350.0448541185515,281.4551723467299,4
357.84663041613624,256.6519635880175,4
335.04635030693106,267.5692400754573,4
335.68985096106894,274.0400103591654,4
330.2746549412713,261.8386326404049,4
357.2614825066372,274.7495331939656,4
322.7334767880988,277.8739501907335,4
328.1763471379792,266.6967092690591,4
337.0331066259463,249.97748586295998,4
340.59487056953526,285.80531469228384,4
355.8298137831567,278.9042205519912,4
309.73655960685386,283.3234434193376,4
356.9317233640353,276.44140440938395,4
307.6837833157905,269.3915530125431,4
331.8553007639046,296.8086795875364,4
310.6450516790502,276.74529252237943,4
339.9392347262291,265.83978565209264,4
324.3833170527828,260.1188634769245,4
306.4480915876936,293.93777824987956,4
346.1068508265289,282.4483887667949,4
315.534269902775,295.64766701934565,4
323.0926970512319,278.7137492838218,4
313.0528698138943,273.6348578489259,4
343.9397000102447,303.9406340712754,4
322.2978231827759,301.2480570946788,4
302.4960565369681,284.8880886262382,4
326.87142437854635,274.9219464174719,4
307.3015070794294,274.7197091453215,4
304.0462075447333,302.5657067172298,4
297.5244268254676,303.8460755423151,4
305.8069834497361,272.4956315589921,4
345.3348825895434,294.8073184442512,4
304.99799674186835,314.55353208136034,4
309.8981475415054,287.1264410703253,4
304.04712379765743,290.9765756938493,4
317.8178256007823,308.4473995316792,4
324.42859969870756,286.7976482916419,4
344.10294229064107,304.56158329119717,4
319.56348160456065,293.62416837388037,4
311.0308637583483,297.44728689378536,4
342.9717028203098,308.86237092476944,4
326.15348983493084,302.2717491007637,4
320.9974058705142,286.87543683202955,4
335.62934908172195,295.77462752204264,4
338.97496470570167,335.67877958928165,4
315.00119029271127,302.5124965830214,4
305.3406927066065,306.53990403394585,4
342.18356644341264,304.94420065071574,4
306.28080276775734,290.56049371911996,4
320.545950694421,310.02556837264467,4
313.8702667656234,292.21870743312576,4
302.8501757025186,310.05122208361814,4
329.38898060487713,326.48338656645257,4
298.7557336298754,286.49743463552255,4
306.22011224471373,307.6422606129185,4
299.8240220590401,308.4222287661634,4
308.1611279351905,322.4278021545746,4
299.5424348681984,300.3398734006749,4
303.67633527119585,303.1314573742846,4
296.8696271088622,334.53409796830385,4
328.18752732165905,308.873928436074,4
322.09711207765804,321.97254743707293,4
299.87160327616897,331.74347477412715,4
296.76762912839035,337.97671127333206,4
327.97858664730694,315.1712811634735,4
332.62836340235,295.4358392118762,4
345.8441025735172,299.17944962948707,4
345.18017620050716,340.2901035932638,4
343.5843095354862,302.33807427885574,4
303.65654769366864,292.42292324816594,4
367.05863965393087,361.82286994489266,4
330.9925733614922,350.4547985852581,4
341.60575362663513,336.5658740697288,4
328.4323668504817,363.9209994714152,4
366.84095595548496,314.1830425269954,4
320.34022524953957,312.61362143076974,4
371.7258233070493,313.2829269382658,4
356.77809904080215,343.05207834673837,4
344.40242863974856,319.38016721862937,4
345.7745846538282,351.6522439932961,4
344.48771906953084,340.3748118587587,4
333.3918419270473,355.9520029668875,4
327.39186269940876,359.6291928969322,4
340.26226846195124,320.87906705346774,4
360.847921167683,354.9775393008364,4
325.88077831206743,322.0398131488329,4
312.43704062763,309.3973002345048,4
334.24357738311375,325.83385255047824,4
337.6297833968844,339.52046271851475,4
318.4503055532824,306.82092685498634,4
318.31913878358364,305.53536727528433,4
324.7478957314406,310.39371830708467,4
294.68542351799243,307.9874507957698,4
327.8888734147621,335.8906139061579,4
320.8861378058902,327.9485195841486,4
331.73544390518117,330.45212935388,4
291.46874650933194,355.86278448652916,4
338.32089523984814,310.481936777987,4
301.3375325428422,310.35593930049157,4
324.25763440714246,335.0298182467775,4
299.5366619484138,337.0860967862224,4
363.7481338263603,360.0215324653617,4
647.9466245803646,371.5087344609107,5
643.6871419637481,376.6730009079724,5
644.2303925876619,383.1468039037562,5
621.4053193712622,388.82881483157223,5
617.9430186589403,397.19659566564695,5
608.6236593210025,400.692959903609,5
575.7094632212803,416.2171644634617,5
605.5901820270684,420.8956290317641,5
610.8059335197718,414.6757704748787,5
624.4807221588893,411.3070970697895,5
640.370557173086,404.9572270598306,5
584.9016593375248,428.95925577888437,5
583.0966636124026,420.7598078573589,5
554.1242771668022,449.72663135422465,5
546.9304814710958,460.69982005115384,5
546.8855727145713,466.4436562379598,5
558.3838777288992,453.01602546087344,5
539.1341970994623,473.02868121098965,5
533.4852501070733,489.3569094934846,5
582.5214748032491,424.9062032066623,5
559.6965217672555,449.07841495499684,5
542.4162476430732,468.7147267213996,5
525.7486653995121,480.5483864623506,5
559.2190004438586,476.96697889125005,5
554.8755456714991,465.9383518244455,5
568.5438479046209,447.8921973805056,5
592.0160080089794,441.4261996694939,5
620.7012198914474,402.05313769326204,5
640.0655502334682,397.01141222727745,5
648.2349376236901,380.6302051148058,5
665.8051580814727,377.0357309584134,5
712.2061153452308,322.05327640864675,5
721.9307854133953,309.91266383423095,5
731.500402164574,304.5762457706115,5
701.9380525669944,341.3560979104542,5
689.4248238436669,353.89880267631276,5
679.1589338997602,353.1791296449373,5
680.3434904546542,361.29463656605736,5
673.8781358553946,361.12423762976624,5
690.3636428067125,343.80676320328257,5
714.1966949132784,319.76265009783106,5
736.3466896684206,296.0971974708882,5
729.5130291008584,296.68773647207615,5
719.108707622887,303.0704727931956,5
692.1565177639886,331.89835814866774,5
690.2513944910071,350.58997149076197,5
705.0276143268544,340.48256434814783,5
724.9567557604202,315.25469885465077,5
763.9987391340104,279.44890032009204,5
772.2667970276801,270.2838738743552,5
795.6256726353414,252.03273246572172,5
773.7657694777376,255.90700146972637,5
768.0538093705578,267.83601214054937,5
758.2030398833294,289.81288370375455,5
739.2795414257396,302.45619545879333,5
751.4700734456172,291.4706567386315,5
770.8443142888259,273.89777979542123,5
782.0695114356845,251.11897783394548,5
828.5129524528111,223.2081992459126,5
819.5478956849952,212.81016407379897,5
799.6733146792227,237.25381432811685,5
787.2227029579269,240.2327941825383,5
754.5594759025498,253.9707103158464,5
776.4823989148159,257.44924238920004,5
779.4159367525584,257.29273383665026,5
798.4477383504586,237.20422138123527,5
811.4886854715535,229.813177156131,5
791.4961056351515,241.8129402370834,5
780.0544009996397,254.1365126529013,5
761.7715501011392,270.344516523354,5
758.1610801204331,280.26035434543564,5
739.2168749436199,285.15735083936437,5
755.9493317796865,270.21117159169745,5
772.2412087076117,257.3646922805607,5
669.6588530833809,437.1952634992159,6
641.1317403582037,421.05956399386207,6
652.1883024986686,448.5948396778019,6
668.6248125843262,451.15204777153997,6
645.9542573071562,451.16183900634564,6
657.7724742999728,436.42789822829076,6
635.1336092329939,446.4546884442923,6
642.0499443246451,433.9060693488978,6
640.180025516462,431.2318383293172,6
637.9326453066882,447.4235863387459,6
639.9995783602086,434.1625164874436,6
631.0389151401222,434.184274913653,6
643.7250477743428,465.0912959026609,6
641.999212184176,465.01344584436856,6
651.8814148967634,452.46818475894526,6
638.9080639858689,475.6915229119659,6
647.8242208443005,440.6078616282421,6
651.9933627429263,476.42929984256165,6
649.402963621426,462.52602762142016,6
618.287451597888,482.704329209145,6
615.6099031333205,484.45434867367436,6
619.7717185238967,491.4449409169096,6
609.4324766517511,494.1857365289632,6
628.2106641989674,474.1444943164611,6
603.287511731841,462.3445496060188,6
625.2467496241616,498.5243560843712,6
622.6833290960581,497.77611942332965,6
608.4686001910917,506.0597532314042,6
608.8852072019544,473.93352921506045,6
608.3906235538672,509.4728564740537,6
589.0063080570864,484.0151477526734,6
577.3130690615567,522.9702697599367,6
604.214676722537,524.9320728097791,6
582.7702801622594,500.6591164932784,6
600.6209909610177,520.664477783399,6
609.598002623756,489.3177994947784,6
608.5585899908288,509.6878495133694,6
599.2548088427246,509.1562923322894,6
579.641690878909,508.9136391345246,6
602.4812639736235,517.0965310234335,6
605.8403154149596,496.7422331616612,6
608.2441682032728,500.72166052144996,6
577.9792364007943,493.9496349804888,6
567.6785573727158,514.2517617151138,6
593.8755548358243,529.1081270844946,6
603.6239601843031,513.8975426404782,6
587.1138292371287,522.5829031882068,6
578.1048310371307,521.0681675143437,6
600.9502465726531,505.34079054186526,6
570.0405432410337,514.5389429425923,6
578.6628486635161,515.2518131561452,6
570.5344031289995,512.7773294447536,6
574.9537571724766,517.1479756348223,6
578.7303514374632,524.1796410246028,6
572.8305929804266,534.7849826187244,6
569.715806634881,550.9883524841279,6
590.0160040030732,516.9815702607052,6
555.1232328101601,546.1820371536841,6
561.752751939543,546.7231970244171,6
576.0824450807369,525.4149075802478,6
581.4744818987712,531.4397283792741,6
556.017628439288,545.5598951444326,6
568.9092737558125,520.5989752817586,6
551.7413549443456,519.8090397037621,6
588.0237535959304,533.5000758976876,6
559.9283786508083,537.2312342117143,6
573.326339722162,550.6283223395357,6
557.1367208461133,540.2696196470151,6
585.4067650436679,546.3597522479251,6
594.9514711684543,543.3309532782182,6
586.7041883437741,549.4525172082564,6
573.3177445516201,527.7736732862373,6
560.6566447165336,542.3950796011341,6
583.8144744771257,523.8831085920418,6
591.7855444442415,536.7719584097681,6
583.6831883094551,505.11804746476736,6
595.4162560587388,527.9108321824089,6
592.5883385511071,532.2886330161417,6
582.1576541681289,531.6659785550751,6
596.0717621982452,518.0115414973392,6
600.403607901842,511.3219981304255,6
612.8704234118936,531.8601608647825,6
585.2496793924787,509.1256297547083,6
592.6147059815312,504.4442410673035,6
598.6021663056713,507.675438973545,6
602.4558775811356,525.7529629803661,6
588.0082222274698,522.544516698176,6
583.2550546641318,493.91805926834434,6
588.8581309699888,518.2047631913241,6
620.1296933705044,502.53356484011806,6
608.0623714058256,520.1048183200994,6
591.3759281585798,503.2451270229056,6
617.8010870821665,485.5063399015918,6
620.707473398085,505.4875160090251,6
591.7099817907833,506.3318116580725,6
611.8950123879615,503.64775712043445,6
619.4748853712731,483.3626820485055,6
608.4571790342784,496.56214895880623,6
620.8386522586517,505.8159249684045,6
625.2623841107696,494.1477139912869,6
622.0434091347922,471.1599081312885,6
593.6739692840001,470.4102089904216,6
605.3789032238784,498.30211583742675,6
627.5790854066001,496.6346692457589,6
621.4119285493197,479.4410523489012,6
610.9348424919937,479.9722632368939,6
596.5486337647668,492.843979077097,6
609.8742481741007,476.4569781137685,6
602.3247396649568,478.933186747067,6
634.2842652294523,466.77294496588985,6
620.8811286509438,476.84816315966816,6
616.296406506333,476.0249017228441,6
620.0454197843244,498.187504410605,6
612.7322423610733,466.40301471268697,6
621.2336324827514,483.3719738176804,6
617.5753788282366,485.0415100268305,6
625.5205464055315,483.289540821955,6
616.2767862984493,460.541253058532,6
600.0207867379504,486.1532396862188,6
623.8971871081038,490.87791789425864,6
627.9361143642742,483.1099886577916,6
627.509697398783,473.35772735225237,6
643.5052443752983,460.3673643908599,6
612.6769482620155,457.2093838262265,6
642.7397809299325,484.04192548892206,6
619.4958642964525,490.4961943591807,6
632.2889030658332,455.0360827607931,6
609.3034665651908,459.5982802349431,6
626.5721998233436,469.52818802645163,6
630.9717377437865,446.39288948023517,6
620.1977995162559,453.3198665547408,6
625.3958697483741,465.1754658819799,6
630.1962100553636,483.64676449320484,6
611.1409105744236,456.64125771058167,6
640.2742420860171,475.33473323925574,6
630.5487250545814,441.28947816199985,6
652.4536244532683,442.2984818031074,6
618.9337098383602,465.19449360117926,6
633.6515645899722,455.3831402614116,6
636.3722725672372,469.83040223729563,6
626.4419566098782,433.555165907303,6
621.4572189509418,456.48387434651113,6
640.3016753526912,469.07633006729185,6
630.5414913884044,453.3893850974465,6
650.7523815121015,446.0465169067254,6
631.9821288917017,433.2435343306671,6
634.5759300992548,439.612290568746,6
641.7723184222433,445.0900523038999,6
646.5405536088111,464.8092184873966,6
636.7544847006322,458.6479479567353,6
634.2799986717296,432.3632407772848,6
657.0987890862339,449.0661369349154,6
651.5354400634997,445.84846360086254,6
619.5754239328053,459.1274422835006,6
628.8423895781592,465.4968506437635,6
638.9240676656779,465.6625544663124,6
621.9222954181639,454.2411241555436,6
635.3716800554716,456.1122589996609,6
620.8732647130082,464.1672419492063,6
604.298481066641,479.145245530381,6
600.6361106427529,477.0206412711289,6
601.6659155224452,478.4258074543963,6
606.1668001297965,484.8221169809766,6
617.1416748525148,470.6990713237105,6
631.5041601620802,483.7223163125136,6
589.0847959949714,493.61815680989366,6
625.455398770112,488.3602803600192,6
608.1172113075137,522.3296092244861,6
612.7969311939772,499.9600463144031,6
622.8387275930188,485.36853175854486,6
590.8411939925348,511.1373411846147,6
572.7084977105993,531.3041529155485,6
607.6231990887406,530.2136543867578,6
579.0055645892061,517.6070855765214,6
605.7205917835117,509.41877956042117,6
597.557982274994,528.8075818359671,6
572.8733225462355,522.2126076348545,6
565.9403960668501,536.3130807697269,6
597.7029501185353,551.0779434368559,6
588.6521174642066,541.7888437321329,6
567.8781799399495,535.0934341941571,6
562.5048983956218,550.9298397504188,6
578.4249289656028,525.1254864652523,6
584.106646292611,552.6976732285,6
564.7486561352064,574.189927024558,6
562.8783768498648,546.2902979424721,6
572.7267712484855,539.0768145210913,6
563.0995235833421,539.196042021831,6
567.968379661656,571.6479908656629,6
380.7967133806237,484.47057997334866,7
445.1132680151916,488.0248579233842,7
386.5756931070298,475.06737317056127,7
444.35226608454116,486.1763393832813,7
429.6187899870873,487.6959384916464,7
443.2987509103458,530.8038011900695,7
443.79700744894905,552.8158086595199,7
409.7885636389936,488.61651038308344,7
397.73805041592215,532.8588215147564,7
449.47149560625115,531.7823562063185,7
438.8728471779838,567.6498897310624,7
419.24994680559524,539.7489347165754,7
422.85528111401106,520.4683502947075,7
437.34659379444156,540.9480193789104,7
466.6524494196391,541.3438434972454,7
468.9987396238005,569.6743825827177,7
406.9506872313956,579.503435894444,7
450.89103260842194,558.8735358848547,7
417.98136777482785,553.4074058613879,7
463.0498890064261,574.3271422670844,7
407.89585015975746,551.8398427580951,7
423.6696379422799,608.2542081672867,7
463.22396245888564,579.4470932967796,7
428.47500856643893,608.8789251354907,7
464.94912599414806,584.4002036930392,7
444.08422602396143,615.4190766267645,7
404.48273174765694,622.9536484910005,7
420.2266986014068,643.5322046112949,7
431.72142902467965,644.6582502840715,7
430.4019977348942,641.9147494988671,7
429.8754448849469,593.9341843722964,7
426.16737419645835,613.5474428340292,7
393.9327918908399,641.1951487756531,7
423.04380297760446,624.6094580885484,7
392.6675572207669,607.864039901613,7
386.30128959235304,618.8419598847154,7
430.33669148855216,566.6979766725588,7
408.06258063062603,577.4920747130265,7
352.6731054342521,594.5346083456736,7
374.90904606697046,578.6758820631491,7
370.6803201868076,595.3616696134654,7
376.61829685897334,613.4877500736129,7
407.66772307911015,592.6706015609873,7
387.8844773448928,601.15375515191,7
396.9735789864677,550.3389387196038,7
368.0545445166451,548.949759794554,7
381.9244850903698,534.3083051616827,7
348.0951989209493,575.9815242095838,7
342.393775537466,567.2050319448647,7
394.87921368029953,585.6800386591923,7
357.2774181025946,513.1459912431384,7
337.9624162166153,509.03556782874944,7
356.17730309894336,525.0128687902023,7
393.49997747204264,542.2276556412468,7
379.7773319687868,492.26128442634376,7
391.1182064821475,531.9356950814587,7
409.56191490704515,510.0489705744171,7
399.2273331638114,532.3146775633843,7
415.27080976652167,480.211732801792,7
385.3074880674874,496.11708928911384,7
427.88053053415666,481.3233301041386,7
384.79917376859873,490.3358210658835,7
425.7734275672328,515.038868247533,7
755.9030334194077,134.49680194851945,8
745.9119993622568,183.5322768615453,8
737.2602337539699,128.23091676663034,8
722.2297867319145,128.8063178832734,8
769.1214352502058,207.71810859533338,8
760.7581064347157,196.17666808476952,8
709.7032999362282,148.02050161916623,8
707.9991376976734,143.17329510264332,8
732.6878342644778,175.88835290158636,8
723.1013939154631,179.73785211048198,8
708.2080625784864,130.708771194907,8
708.7995248918554,198.4503443327257,8
692.2293824243129,170.79858392793716,8
739.592363419871,162.9547713150266,8
762.4399710217879,133.13333653073735,8
715.2967556888922,173.90190778660025,8
707.8867217750621,172.5734319346993,8
687.9536314848942,169.18876430081195,8
741.2677951597472,131.00855623761194,8
737.9634419784865,126.51032058567293,8
749.7628848226176,133.85721432367515,8
714.2599123990155,127.08480676682241,8
723.4209329784122,159.1288096744668,8
734.9433578663405,180.87934128841087,8
747.8993348783498,155.96647936506105,8
751.2265741712213,179.91412121375393,8
728.4456794408468,170.97916343253175,8
765.8370318954994,142.0634308102929,8
741.410335938951,143.23000201744557,8
741.7004153754315,164.2148396497319,8
721.2652181665306,197.83801794218962,8
698.8491865302987,195.2971842604308,8
749.007438145293,171.28973762356475,8
682.6119699351142,176.54027036683476,8
745.9627376619518,181.19176835577935,8
762.5687858590727,160.14081833944283,8
743.0261231282649,130.69769366201666,8
721.5434298389695,136.9669066021748,8
745.0349257137693,174.29700232006073,8
734.5532315055439,207.6929231781667,8
697.1967528571719,137.51597869287218,8
740.4154348560003,171.9395374653623,8
723.0800732039165,132.20883790533202,8
716.8089673640502,151.58974702000242,8
723.3912608048884,143.84935736480864,8
750.5038616326902,125.63273938226516,8
757.7514273270115,175.79092420106622,8
718.9842590187465,167.22860393227705,8
704.7137840268215,179.3963636118464,8
688.0503991424274,140.24538223922582,8
753.7146329498831,137.8668264519137,8
747.1345535514845,153.75342008965066,8
751.8444156047434,219.67563797246765,8
683.1874502250811,152.46815509102743,8
680.2137196855149,207.2490367967642,8
753.9746529365589,173.4616083979596,8
746.201831207105,167.10577184016807,8
734.0709764702207,145.7139625108747,8
753.0158292919082,200.44154798923068,8
750.8848647061619,160.3238161419236,8
702.5592940230092,158.89802282769008,8
691.4718066018703,193.24727224406178,8
745.0485577708688,192.27757484325355,8
694.53676428062,162.69767255054256,8
718.5391916444212,193.87588878176743,8
697.1025946713295,207.54078363684425,8
723.6143791701527,218.29583673864266,8
739.5486981261698,166.61667244005065,8
726.6737691104381,157.25110673131738,8
753.2570898534095,166.88592595363,8
727.3733844442756,141.1702870720793,8
695.9336939282031,139.95695076901956,8
742.6884759569859,218.5238748019295,8
752.8725559533111,164.03308723949777,8
708.5473669600478,181.7531483893466,8
714.2173884683945,205.79947863691268,8
739.5322240529013,212.54050786771023,8
710.8246222057238,166.36888438638383,8
755.3156723237857,200.47857634389467,8
754.7492078788694,185.9164689406157,8
724.5500924948453,209.95431353530034,8
684.4435724478186,170.90360267182157,8
754.9343446314075,145.94718190654928,8
735.1148268186079,160.11850486030465,8
680.2649855289984,198.08030170802112,8
740.994845986268,212.01598027322223,8
738.7007657056918,218.70449501511416,8
748.7381767562719,210.37601075610996,8
740.9488873481029,182.45125367786244,8
702.4542375553351,193.1263017416034,8
690.8635431533421,173.71410871482703,8
687.0511347944315,207.38139406566967,8
682.9518611358909,161.8520765882891,8
696.5117568575769,184.24138381846578,8
754.9672562225113,166.09377723007566,8
729.8180741690638,201.7372684375111,8
722.467577931686,168.33921136201673,8
717.2285888069232,145.94014570753797,8
672.8740902184327,172.75120942434677,8
718.2435044889255,155.30018864282076,8
719.5711151925469,187.65339711404613,8
750.3579042436266,204.87129887440318,8
706.5534509021232,222.598726638838,8
690.3215172433877,179.29632606502554,8
706.3018736619852,200.5710290749119,8
755.6815718949081,192.35588178869585,8
697.2699410029478,164.98584068489058,8
684.1330030728059,198.7432874149145,8
749.3243780050232,228.74424854080593,8
755.7781490531006,217.74533959507164,8
698.6452316490041,160.52101611411098,8
677.2937508072748,170.91538160309966,8
719.7126922600244,178.50178195612028,8
746.7603543428753,229.6178625966449,8
720.4192896745207,229.57791195879503,8
720.5552153935711,206.94398838989332,8
717.6200876892194,219.71855873086287,8
674.1128748810763,215.56512012303068,8
707.602761107606,155.49746348872048,8
734.2000482758037,182.07274174986452,8
726.34027300056,162.99942798295294,8
737.5978210484017,156.07054589239777,8
690.0278150301851,163.34139055843,8
664.2496655336319,183.15496169759075,8
722.9283782072952,154.6471837807278,8
654.0606323393081,151.88409205428536,8
703.6272340530013,202.377779756219,8
715.4145212384378,152.16913218640133,8
679.8772804274464,134.1555217512827,8
655.1250602874366,150.65518084392207,8
651.8785235976504,130.6695127851977,8
712.2666095905225,202.14856751703599,8
668.3064515608427,192.3673638095761,8
663.7056123474163,205.95960950263742,8
733.4941400779321,163.15445380833734,8
681.5549473839251,205.23313676996713,8
702.2027872430831,184.86991729203905,8
663.9882583118819,164.78880672606084,8
679.3265254146513,176.19495155406645,8
729.9953998261117,136.87260040572602,8
722.2354044552119,193.38692619418384,8
719.4107447141281,149.740067825317,8
657.245308128462,126.75496988365788,8
711.7268063279587,122.61909377649188,8
692.6208894885713,129.59173827243967,8
652.1131518974522,159.8743061514914,8
708.3594674436273,121.01252907481391,8
674.4741944853018,155.10476997462015,8
716.4341473160171,150.83670409013655,8
727.7714967677477,193.46312673810493,8
670.4486437550881,179.36384309964478,8
724.1193835121926,126.0136738994632,8
677.1570909249364,195.8528967853466,8
729.8985409423193,186.51398278021347,8
713.1421612231156,157.7544930629272,8
658.9154480330853,178.767688162661,8
665.1146414314406,157.19646933175108,8
703.2876295876323,171.87417093367043,8
707.8357887023353,182.2014315935943,8
645.754726911324,191.59760059262746,8
684.5922212495932,124.44817691046075,8
724.8498269940198,127.00931307949888,8
705.2837926239953,148.98885002441557,8
663.5208163537112,165.78449922097832,8
714.6653657489976,184.7739314168407,8
692.0090404454551,185.1810663466349,8
719.6054074086318,146.077465075942,8
683.0225244443058,173.29880222605956,8
663.1528196907814,149.93562675612824,8
645.3390329749733,154.3376381584306,8
652.687881737171,109.79625267711559,8
700.0211528050017,117.29281472087331,8
670.6577795207104,179.69711953945614,8
727.7714652702416,126.24475685269196,8
644.8162871204893,114.74305833525014,8
710.0560727683546,143.094220771135,8
708.097987226491,127.12637670606895,8
701.0198456628218,121.71891141282958,8
722.4867008037204,127.52719615929695,8
705.5843833032984,142.6151622039277,8
723.0205742183309,176.26226299012365,8
674.4341241130425,133.90730960116844,8
646.6280331132575,123.9143243796402,8
673.1021855328785,159.51120548360055,8
678.5373231763251,182.8424245347474,8
680.6718388236924,182.1635504381835,8
721.2672949168486,143.3744430665839,8
676.6375307539598,117.58118624193226,8
650.3944792804582,132.94823490728314,8
665.3708936938629,161.21492123358846,8
660.6034422310574,134.74610219693977,8
706.5862218169683,105.16838548581073,8
656.0049911627402,107.03298647606832,8
719.7163743071859,163.64024185219557,8
704.4954693096151,131.37654205204615,8
723.9677508279202,135.68520758960295,8
724.1601556506546,171.8044029271283,8
677.6733577084742,155.7971265930417,8
665.1420988156882,103.70430136502463,8
719.5452525620954,119.76400747467363,8
742.8843422262408,159.9795278651603,8
710.4649415618832,178.9066863884098,8
723.8655552670823,171.6475006366466,8
704.6849422637455,158.9137705532666,8
701.4829992529468,184.43355882199154,8
680.8735940011351,171.4794235993212,8
746.8596093738864,155.91407422853143,8
735.5691375293429,167.66409682190834,8
709.1565352421527,105.99869962599357,8
696.913643727476,177.2198588054021,8
688.1842312928916,106.70854070648043,8
721.7429912597859,188.55431211728384,8
700.5412163559024,180.65187728391254,8
731.6963984148863,179.2270092481781,8
683.4714248716771,175.24279251549268,8
762.8279452282108,110.67900797722712,8
708.3108160134204,170.93825960868796,8
699.2543533639373,141.94613925175207,8
736.2769116288991,125.34904377278923,8
703.2045577979226,165.34041663898188,8
753.7933985621457,181.4023573575489,8
688.6264876635902,131.04861404502375,8
747.2374095724791,187.16990526043196,8
749.3848174766171,165.56001328803265,8
718.1873107640384,171.86011497414626,8
734.3137188881416,136.60799852846725,8
708.8483189246886,178.63237671894473,8
708.9638151299594,113.22840122696286,8
690.9969149699637,142.67307089952516,8
687.1633985840191,110.85484423488722,8
776.2654151681921,189.78346696585305,8
712.3480739236591,146.16488386951715,8
701.1833241869743,164.31754440710347,8
771.0960250770962,140.19879351584333,8
763.8514559985604,192.22878607514133,8
760.0818202306095,188.00211087001375,8
699.7522654952395,131.97948655419722,8
709.1555855431822,130.3412811327063,8
757.0707898585041,186.32867309889906,8
747.7223074689232,155.5870743821425,8
721.1271371171363,121.9758227173767,8
712.8891235644547,140.77472988540325,8
699.7235396953702,123.81929169272155,8
730.5023584460098,134.19927127600812,8
740.5319794716687,172.763125559028,8
752.7950392862707,196.67923834811404,8
745.6910355803852,175.15629080925305,8
720.2947625988562,133.4597699662504,8
760.7785358376929,156.39925231383558,8
758.0323107833835,187.5249769777163,8
760.1736869238525,159.54335008299162,8
753.9743730903616,190.91207152870334,8
698.827688199096,133.63932401450154,8
705.2044823271809,178.39482940860802,8
730.6035037394695,176.4087096563307,8
741.862193822886,159.28494463572108,8
760.7763718160368,202.56250167402925,8
765.8652840795448,150.7255433638459,8
730.4721603853916,136.62115702797422,8
775.635715632915,188.52149758415527,8
724.5019857773697,195.73874707181386,8
733.156662841715,169.72438647056708,8
701.1799210792142,137.7022540708557,8
742.6592386534278,141.81642058773008,8
706.6137245122212,148.73417529921102,8
722.5499978268779,151.57877420041714,8
704.8706415007861,150.25867164708,8
703.2639943673144,201.99012790064754,8
757.9068477764708,200.51051591937963,8
772.380385540863,200.78618920842894,8
714.0466290309296,133.86184177766484,8
749.90436865385,210.17121663306972,8
770.9048987831695,189.85626127865095,8
739.3457113562889,168.61423696131027,8
739.9878097137416,146.25989970203182,8
706.4330416510728,165.76666546486786,8
719.1310927328985,202.55078542519374,8
753.2484406947117,202.32971302505692,8
700.4481689187559,239.5643791979541,8
708.87541671434,214.19079973228958,8
699.2723666422946,230.66837645055085,8
715.3946684303362,183.88474388843352,8
706.0464369125718,236.55244831761274,8
700.6284714894754,183.14228302460708,8
715.7155190121725,222.9451575301214,8
722.5600110613634,184.31773632791692,8
750.6748043429299,171.73430274204586,8
776.9858059142558,236.8899480299935,8
696.0505808890953,239.81063125447503,8
764.7912550606078,160.7447192123866,8
759.5262787276725,180.69710293865936,8
721.4085707466684,184.68227623452725,8
736.4873189735955,165.48345979200255,8
719.2221903873851,180.72121720401944,8
729.0057969711149,194.2356396360057,8
709.7723772167493,199.46794217368787,8
716.1024231072162,186.74436072420787,8
771.5011646322047,177.8865507087422,8
758.8776753481417,242.65478975330086,8
770.4923427736605,209.04507117187637,8
758.6078864857525,214.6672006583633,8
695.1732968005728,184.8131354409502,8
773.1850188761684,233.9134989482174,8
737.8770812320207,236.8365675155257,8
734.0100136089554,169.16536699154028,8
722.8870299881871,194.31342983790398,8
721.8853558087739,240.89516212824907,8
730.8257159422728,208.2756276244253,8
760.9639251248914,240.97960529229994,8
717.8110127428366,206.39340012231528,8
694.0334267843375,245.06752997703074,8
765.7566657636056,218.78072122224117,8
758.8738701464559,174.30267785548943,8
689.5574969983857,179.30437197445005,8
709.2388752679543,167.78483225207458,8
745.7350002226854,176.325640702508,8
719.6973574581644,227.6987645593803,8
694.6608666992074,200.10909496989575,8
748.8691591800425,204.56693306250827,8
754.8615886069069,246.92758222823792,8
747.0588591820257,238.3314459366962,8
737.966513614386,197.70640427685828,8
719.5806772549731,223.59321499994496,8
662.0937797494414,230.96840774035894,8
738.0758697227857,251.7623257371865,8
710.038668418733,182.715547799038,8
673.7260112190419,207.3405178495921,8
697.8847435624895,190.17214228428716,8
736.9517283241712,216.2540104832745,8
737.7841079147487,225.1492872950187,8
663.6118953498642,233.52952997204187,8
727.5967528883137,232.59271038401783,8
689.7779972867984,226.3519704576334,8
719.5582672623855,224.0699195348871,8
670.9403345079782,244.63473623987318,8
676.3599912977163,251.32769685268642,8
684.834501697914,213.6822090206385,8
719.8158792475218,218.7257315842417,8
662.193435641236,204.39451911172748,8
661.2023675444788,230.4087550722029,8
668.8866929080607,196.4965869757489,8
688.5802500425228,201.57295696730372,8
686.0427904045054,174.47537193863428,8
653.1477425301402,213.60864681269982,8
659.3561760950371,187.82085958252765,8
712.4728186647776,241.547945319578,8
689.7311557584333,195.60218717990313,8
656.7735867583053,198.44879279228655,8
665.4582312637032,210.97651644221105,8
703.2081377533765,197.7386506263538,8
695.9851140336993,201.91357489445147,8
699.7141225396172,197.49428996050463,8
691.8833488423738,180.78608735501254,8
686.6930654002562,243.8387666263488,8
681.4297122987426,224.16183141724554,8
727.7694944939323,164.96826013409355,8
658.857007382545,204.19500483746353,8
720.7869329193478,230.73188912267128,8
700.339893874359,213.52750035738273,8
680.2476948009374,188.03684438446837,8
729.2455143690977,197.03927369742985,8
671.9789081317952,167.02138396283488,8
726.3112080017286,247.31156144864525,8
710.4927682024819,173.32006998678855,8
661.5302256178545,241.8741925485643,8
674.8278601163274,165.5757338939854,8
677.2489138755789,172.4892111758453,8
109.92846146175653,531.1304616691749,9
92.64517800971645,543.44275903193,9
106.78353668605624,536.3047174177069,9
89.83261493765745,545.8328677779513,9
100.17475762061166,544.2314356280233,9
91.1573200522973,531.629202091318,9
96.51552212734582,531.7753879896325,9
118.00269928817004,540.7024393626803,9
101.4697954408569,534.3661722643901,9
114.56823297801533,535.9910911552097,9
102.99611587252247,533.5696602554118,9
106.93312162170247,528.8953561307917,9
120.12633754849716,544.1302577127759,9
132.1345970795897,544.7223072926358,9
116.73516871345527,532.8521710480304,9
129.62403344820348,539.0712807587471,9
126.84976414799839,530.7728318043173,9
124.90677344261559,535.8328554596666,9
126.34816877740244,536.9619614455574,9
139.49853444480405,528.3878768101906,9
153.41028481249387,555.0481835632149,9
155.66992542839785,540.1122297921343,9
151.86219887972837,536.11011467698,9
136.58983914111508,542.6663416774724,9
144.76079451975622,547.1013389162997,9
156.53882793465888,562.6134222806578,9
139.65786143978409,547.9789410605824,9
169.23707406887422,540.8329763501507,9
147.99224067829635,533.8997117045467,9
159.11357081182004,560.4961252828526,9
146.79779454234836,545.8514549037445,9
159.07146859520796,542.8246247883304,9
179.98346999035135,556.6117913370542,9
174.3529280708301,551.9230700929385,9
174.49917766908936,558.4070186595125,9
160.21225859303354,559.5627071626503,9
163.56605031655178,540.0718150225152,9
173.90188603309085,567.2736457225549,9
190.7479031232968,549.0548025330013,9
164.27054190088165,549.2703094549744,9
193.9101976051171,568.813362179332,9
177.24855161020375,565.2659073674602,9
167.36474527739006,548.317549023802,9
185.87326584178987,572.6534562304361,9
202.3009958517534,562.5125599398474,9
192.99069919606453,557.2981392382557,9
205.9760247804774,568.3067787862669,9
191.69097960354085,553.6409969751132,9
189.5209019862345,568.5947059064592,9
207.93153166168963,568.5099856801247,9
186.3839721748291,562.1419287643456,9
211.65957533228982,558.2248123781817,9
189.83843866362986,547.0236452711475,9
204.52639214248708,559.8158216849548,9
187.50737712903228,549.1875359272802,9
195.68378461847436,559.1852045880623,9
226.21280547515602,577.9302723366984,9
212.86268449040148,550.0641417664368,9
207.3077159535558,553.2824412690923,9
207.02184724952463,561.5464788406315,9
222.28290507482222,577.2942556779996,9
219.1488125497184,562.3366120138239,9
220.35571004972786,559.4387337553521,9
236.40162185465428,569.8232084234309,9
222.95653489264873,581.0155520614219,9
230.84313465699336,553.4546972067491,9
214.73755480322427,575.5393011880764,9
222.15199912350857,577.9823042562062,9
217.96173443443683,581.6783567224206,9
221.13798433204676,580.0310558718725,9
245.66231579200328,579.1017796641448,9
238.59743346806775,559.939000302276,9
242.90487415308476,557.434749063344,9
247.37177429711346,559.1035678586611,9
232.65029345633133,570.4857234659763,9
235.4546749211186,558.7681705712432,9
238.8168772914765,585.2517003220609,9
256.90950578156867,573.9122264689037,9
239.1369974772773,585.3633315077072,9
246.48464036082865,588.9363181361354,9
253.21678038165788,584.3770420217195,9
240.99506278769144,580.3177963269117,9
248.90706614025356,588.6232872190576,9
271.64994412171774,583.0908991505439,9
259.51122918165333,586.192839460801,9
247.13857061461843,561.3534808495742,9
271.26742854595597,584.6645012740541,9
271.6995954948701,568.1956912479876,9
259.976520117819,573.9197092207999,9
249.61989254329526,587.8002078203099,9
273.7003903245418,581.0827585955726,9
277.1266773371205,566.6625873580842,9
260.42986630274265,567.069229940964,9
265.67002663957345,574.1139075341962,9
268.581518070048,569.2164617472383,9
264.9365505336059,566.3930750768872,9
283.6587315964356,573.4921667212365,9
261.2236124185879,594.824362348671,9
287.2383047152429,565.5061574501917,9
283.4919869608375,587.2967874666509,9
283.9684400269237,567.7505230289897,9
268.0468135160482,572.6066669600893,9
272.8916488238432,567.5432672445244,9
281.05052583092834,584.8961333495444,9
285.29244025206674,571.1906134632773,9
283.56586550677895,568.4869756534176,9
278.73256222529494,570.1342637415376,9
296.1626761781313,571.093528283774,9
277.88045726681213,590.2167463013603,9
298.0257006662509,570.2768670874814,9
290.97201296346225,582.064945063841,9
273.71558336880736,568.7156084853432,9
298.46917658676387,590.9453292177733,9
277.9929743354146,572.4164532901034,9
299.2313418013914,589.4817056856039,9
283.9898988958543,576.2452978686767,9
302.8061163490603,570.0903302317046,9
284.21935127742256,593.0076519468847,9
300.09794332124665,572.0099276427268,9
285.9403022430568,569.6553810043139,9
309.5084143678349,587.5875873209496,9
177.33885124462918,559.512901576055,9
175.92020907924194,583.8188366560755,9
181.13405526819403,568.9970607817835,9
176.61265435896178,583.9783808708227,9
162.85553476105116,555.7536030866155,9
169.11933088553548,567.8250807585724,9
158.28549820402264,564.8874105778533,9
168.642855651057,574.3803456010811,9
141.7105492875736,568.4535731825316,9
142.0562505496625,548.551157828145,9
149.673516653049,566.4310945641112,9
163.96666100123068,569.0159931914854,9
167.17945407266774,558.4286885579659,9
151.6789678249448,561.1172642551314,9
131.37975487993128,545.4232624859484,9
132.68441172053724,564.8435324526429,9
128.1155158753262,570.5690930317419,9
145.12185413535272,550.3189556445606,9
126.78782469369071,571.8860160684468,9
116.1640880114604,556.6103406347783,9
121.9732576976927,550.9082974854696,9
117.21845414038094,547.0505300553137,9
113.45497266179359,543.9966089165362,9
129.63563384576167,551.243220971813,9
116.29154477563631,567.8087187688373,9
112.20962926002014,555.8995468751204,9
118.33349272766525,542.0800242303872,9
110.57396493282394,554.7576642369061,9
106.81160147342078,556.0920956254408,9
99.52640502089453,538.4133286441624,9
105.5211692351826,554.1377596631146,9
296.6885416612058,608.4244463442233,9
288.5835126980751,602.4937461054211,9
280.8786137159451,602.8441448540441,9
286.4787869762765,617.5719114769794,9
270.6167604276542,614.8783600252855,9
273.55226158367634,628.1939386558287,9
268.3314192183785,619.5699438995688,9
272.92815436824515,613.2750177653952,9
272.27742194242614,626.0156487251779,9
264.6763769305103,622.0643168358833,9
278.604047555463,622.6691010154877,9
271.2394276916217,614.6580766730248,9
270.15632077922413,627.9802893970744,9
256.75797272519765,611.0782047719451,9
266.15168308506577,620.9751642697935,9
253.9460579367603,617.5899469389556,9
271.6613969562675,596.0121854829131,9
265.3458107648321,621.4001809646869,9
241.43173614910407,623.9650424718666,9
240.91007047215848,615.4325455954606,9
235.15434201145692,618.9075827158055,9
237.8846764777007,619.5471584229798,9
244.56394922651808,594.8636082118957,9
248.6444090501078,609.7250824870811,9
240.34851566158184,616.5353053108045,9
248.68904261308012,620.9024154983562,9
230.35581732376863,605.4159084364716,9
239.36802142138805,594.6240914863082,9
248.10582135381384,599.4181197806453,9
247.86215313367543,608.1566817311839,9
239.00715958581907,605.8804220895549,9
219.09514844086007,613.7684933233567,9
214.39666613628447,609.5297482193606,9
208.3969559108399,601.309599957095,9
225.96705208592397,592.488898369468,9
230.1066021406883,588.4015715125249,9
214.7666760356096,618.9079847684977,9
209.81452941742782,601.4083737509554,9
207.035134874731,590.2345133258369,9
221.81649659850785,616.1393754252541,9
222.4526551371923,614.8925841696544,9
215.74999262792898,598.5658299679325,9
218.41517141714218,609.133378725838,9
216.8635849456722,603.4556257182646,9
217.87907615710168,590.4009439884954,9
199.02754110128862,592.6275986139705,9
201.11569282143589,590.1655584086376,9
202.52954157461784,588.9454271048104,9
222.70471951458205,587.0742485920822,9
213.09491750559002,613.7801370383086,9
215.04065320900074,607.7927837405281,9
213.18609117681365,604.1625628232905,9
217.93886768370018,584.5866632833785,9
191.3044927322976,598.918565296093,9
197.01895578300216,609.3307914414047,9
194.73106764785808,607.5961969453531,9
208.38459149094774,600.2763509435624,9
188.42446592840977,611.1409653490637,9
210.19212859571138,587.6528023118856,9
196.32523666450643,610.419545255829,9
185.67035026277867,607.5205993976881,9
185.21170259681486,605.0399416355765,9
199.90001056827754,605.8929324191035,9
183.8081981894006,586.3349594472754,9
190.9143974116474,583.5869853691627,9
188.90302677241132,582.0364056193224,9
171.0077958030346,582.7147751740804,9
178.21746248038767,605.5245347055901,9
185.61221339430844,594.881977079064,9
174.80600138900462,583.5984111682678,9
178.08423629540226,579.2159893195761,9
185.69085223321997,582.6599217874077,9
171.73715861355132,593.0996033014824,9
181.54672839410205,599.8395095190093,9
170.7414460037011,585.851196610735,9
169.76526137057675,596.8488255456577,9
170.04963422851387,579.4094469236063,9
176.40603661705495,577.8937359954605,9
158.5321025899689,575.5318802468655,9
152.5139278786017,599.7187764289478,9
171.5577668795998,604.5682181901044,9
159.4920324544804,593.6752440036931,9
158.14301967142205,575.5246614283475,9
156.71410037019132,596.4678304527631,9
173.70365148276335,602.4039066603922,9
166.78654087806123,592.8417155115307,9
147.53976101616325,581.3057010262777,9
140.76878404646553,588.4271275884578,9
163.57467427593969,576.5112246855251,9
140.94695209136944,578.1471646228333,9
149.2302439125211,578.0793167404213,9
153.02266348297093,585.7216123863411,9
137.45869872352213,573.5713079420876,9
146.02741609522164,571.3878424121184,9
155.21148804686203,567.3725500154513,9
127.4977794988584,578.2460800552772,9
146.52986905267286,589.783734374664,9
123.5093956950046,565.9997579703278,9
142.76664945196535,588.2746062865281,9
148.29206321053127,582.1914738703314,9
132.9852489866293,576.295267525429,9
127.37379561742756,580.0070633990323,9
136.03862480426324,588.0623198784189,9
114.94246792389995,569.720056686042,9
126.41817917027558,574.4169095428089,9
128.92406999190464,586.2723231033951,9
130.46411572391608,563.8001872299832,9
133.92229918674963,579.9151884068278,9
116.77019176049143,560.5955868619839,9
125.14056676564843,583.2269303210015,9
114.36973241309983,558.7937107903531,9
118.87106755907902,564.2951215944585,9
135.67608514074072,561.3293909666836,9
119.833876034345,579.0428496058246,9
118.29978449046678,587.6968543474499,9
107.9259783122092,573.0899515489052,9
108.81379546706356,577.4458011041726,9
118.82740812826651,564.9672855540763,9
132.412064707386,579.1598758354016,9
121.44459476334372,570.7946406092129,9
119.73779094518596,574.4440323142634,9
105.29800516424024,556.381468935079,9
111.22589946735656,560.5325101391186,9
112.94836987381538,558.7021959700741,9
103.21666854176593,575.0789288955318,9
118.44036869144051,584.4522392858315,9
107.43302195410061,573.6606607084203,9
120.8328133908893,576.0342519827306,9
112.89104810074002,583.7630990964944,9
98.48032502722398,567.240835728138,9
125.5738820832852,563.8928865547412,9
104.74297687796545,565.0568666850021,9
123.03999683004811,578.8071900355216,9
120.03106591265477,557.2558032908398,9
93.24489932888747,583.1135516627054,9
121.54281254548246,554.4440960764585,9
107.04658686400197,580.9591382219795,9
111.177856305566,580.4549699632669,9
121.3569240582426,568.5601361544115,9
112.36545294976588,562.2297361978259,9
95.63215169618557,562.3978816265009,9
90.35073120788414,584.5832964970139,9
118.43064923708522,553.0172120328162,9
114.99473244929409,570.4139531344333,9
118.35408279951383,580.1465441094934,9
84.27047422253455,553.902232471057,9
107.22393329189453,580.8756604490575,9
95.78689313681893,560.913089007407,9
91.76414285748007,575.2432472799447,9
102.76491597202102,559.0871816779319,9
113.33995467542567,569.8547026643357,9
100.16601474941714,565.810866266091,9
90.16588769090404,580.9434172010184,9
111.83854032183473,571.1780917694525,9
107.76736286249232,551.8228472747257,9
90.21627803770826,570.8939080497735,9
100.08720538291922,567.3650536164366,9
290.538576693631,607.2726548394872,9
82.41996093451317,543.0184018811875,9
67.48085452065435,543.5512325701795,9
80.46567720230678,567.3321712832656,9
73.28007726628584,551.1612689774437,9
74.02432148567019,567.0682767918388,9
61.71409340274958,543.8721913662657,9
51.640054320139946,560.7843266373227,9
51.76869805893771,528.4404093607881,9
55.23856765469157,566.5996840988149,9
77.54649176424314,596.3090287882188,9
109.06589017258133,584.8829412151889,9
151.26012917620102,631.9813672730817,9
268.4689968534363,611.8054331900026,9
293.1175288745379,600.2238045825719,9
280.93168947558615,610.5871873207378,9
287.2757743887046,628.175829290305,9
252.46789480576945,649.6140219904427,9
175.0031255382325,629.7585683314967,9
191.4551431790196,615.8587385925409,9
183.63635206862665,625.1787799992372,9
141.31863675950916,615.3580028004926,9
151.4964784929444,617.0513441756462,9
129.30786540961645,605.5031875088669,9
114.86038792984556,595.7662109847865,9
156.67415901505984,555.0385998940698,9
197.57774176756215,544.2810131153019,9
220.24230312280068,560.067855526076,9
214.178194166531,566.0732770180567,9
208.08178152690164,542.9780535680482,9
153.61998235360596,582.8333961196308,9
152.0337210014714,562.9417494744422,9
157.57756190487981,566.0926607202006,9
160.27058443479518,591.7322527065651,9
168.05442106157463,571.748260859898,9
169.54035248990817,570.7370517894105,9
144.32985679922697,569.0233505876507,9
171.51990876559768,582.1131575834494,9
169.69941463084842,574.2908996220367,9
150.89007712651681,598.2453619947175,9
143.86047911702943,596.1084877221501,9
146.15461908285124,600.3874804225655,9
152.82011003295415,611.7895149555272,9
140.99997852932302,593.302459653714,9
77.60789598945871,345.0100402628913,2
14.221575573898988,405.140688314167,2
840.1457201512329,291.9685914473172,5
747.4867238617179,311.08268065669785,5
622.7233383434693,517.0733518296743,6
634.1749458942496,562.5624224776213,6
624.8635209194523,475.88487382999006,6
594.7295128727708,520.2297329169317,6
572.0064471371813,544.9181488530795,6
594.6186931676931,497.2599858305934,6
344.9035458842471,308.1203716672441,4
330.2899317385898,316.8961660496676,4
347.39597294201843,303.1677431663441,4
350.17897574718097,310.6529767066314,4
335.46147429795707,310.65842789109325,4
338.03481159652,322.73971582819286,4
331.61192180639836,296.98779497904957,4
354.49241866092666,297.8915786030034,4
344.5187852397047,292.2640234358767,4
356.81444252616024,307.6408629677836,4
356.4627460250739,339.16278528974044,4
379.3212590282409,323.00712328881616,4
372.09289613560486,329.4650285696149,4
357.9523103921906,327.744257834879,4
360.53056464093515,330.0893268806585,4
350.2588106185477,325.43132975463277,4
356.9197101329205,324.39360986736096,4
369.598548303606,342.8309480144136,4
363.27269959835473,337.4093164176322,4
361.4697292248037,338.9010382844793,4
339.2121622156052,330.04459009860165,4
347.5648651931762,328.29543254540295,4
346.2293306447372,301.8961610293453,4
326.80494142406667,319.56477328945044,4
355.71260153171346,296.049050350888,4
346.59991385204233,289.133454884964,4
367.94684580427804,293.6098016856122,4
361.6168484630152,296.8322421111841,4
356.1301929250838,301.1666683996996,4
352.58984573043784,295.3432748216535,4
366.1320993757033,298.4011173325653,4
360.98433086113505,300.32854649856273,4
355.956354183716,303.6660580682904,4
384.388862757864,234.71021658035698,4
342.06200383303496,245.21055323627428,4
290.91479621084295,281.4932139672227,4
297.4640731675261,287.8504111548831,4
266.606553578858,310.3813338444591,4
283.26781436724013,291.18479609970245,4
323.37519932340837,283.06580893677824,4
311.4300175584558,297.76365063001373,4
332.54110004374957,302.4289353062404,4
343.969306364384,320.12645086167066,4
348.692776848178,317.16335889364547,4
353.796936908975,311.26299102909974,4
332.1014172540405,312.878163305304,4
358.50532084349743,317.69034514629715,4
339.8915387195597,337.4851148318089,4
359.69572891765915,328.42165084456354,4
342.4287906531905,353.6964408999711,4
349.5780792592434,345.69058532336896,4
349.2464010846488,355.68459655373306,4
362.6202833720467,352.8213689195972,4
337.1394966166571,325.7521399489832,4
332.1357614705248,344.8693460509002,4
361.60083787402857,327.3492790601295,4
350.61835162294926,321.67064147280485,4
342.68529410404255,327.0050187136661,4
341.7742715366712,327.68202226325616,4
342.7107893067074,309.4607737579491,4
346.1529369238582,306.6720528597208,4
354.8192182009088,304.809077346067,4
350.0240191335541,307.63513570076805,4
326.2644169214397,304.22567711439495,4
324.45010137990596,297.8510099142446,4
326.9971858661753,316.0737636333695,4
345.5667476042819,296.55838740477395,4
346.1093349475865,300.5880802886135,4
339.3973733078602,304.1852930618052,4
360.33584977646206,283.4071443167863,4
344.11560715749727,288.1036413233614,4
340.35819892429885,301.86091394598617,4
375.092828985153,259.4569899503993,4
333.86188003401355,284.86368029810103,4
350.98079037416136,272.95387099042955,4
322.80199977868625,267.61066051066626,4
350.2745763172105,271.9155155645136,4
330.98907402957906,275.55967993669293,4
335.7947817710496,268.6955466225028,4
331.31841136932474,291.9293930597532,4
363.1600090957088,302.82147945060376,4
360.38016040432814,276.4728591190958,4
349.9185628832594,278.75401798783105,4
355.03688420510497,287.9689401613768,4
362.78870823634946,290.83571993006103,4
339.5838113470951,285.0856219927844,4
364.3648907979755,284.81847305272,4
346.2940213417845,292.03185684369146,4
349.0664256002671,308.9453723333525,4
372.28688009571147,340.4640749458673,4
387.4894798113936,328.6528168528331,4
371.68357020087586,348.19135585106824,4
379.61385023742014,332.0422941032127,4
363.0352092529514,334.5610204396266,4
385.8971848949838,333.8257742791286,4
381.38629702672074,340.12051054058463,4
361.18292395161774,344.1494286164083,4
377.1705588266356,334.6494901979462,4
374.5797859549227,358.39096240242844,4
351.09644876830845,348.7229498353495,4
351.91581109717237,344.75990695595885,4
364.2923430661534,369.6491780497062,4
358.9588317990238,343.7464245466291,4
359.6909681533084,362.39783435043245,4
363.03322760197193,354.96401962026016,4
